id,title,author,category,price
1,Technology design unit country product,Jo Hart,Horror,460
2,Perhaps material build position,Casey Potter,Fantasy,385
3,Fine to instead when,Erika Moore,Biography,372
4,Continue teacher whether,Sheila Mcguire,Mystery,468
5,Standard coach process along relationship,Julia Morris,Horror,161
6,Particular candidate important allow,Patricia Maxwell,Children,183
7,Quite down top election court,Eric Johnson,Sci-Fi,467
8,She fund above happy series,Jacob Wilson,Horror,316
9,Less goal,James Johnson,Biography,441
10,Safe several about especially radio,Maria Holmes,Mystery,496
11,Consumer audience region road,Bill Patterson,Fantasy,286
12,Information indeed machine,Robert Mccormick,Biography,118
13,Sometimes talk,Amanda Smith,Biography,276
14,Son little natural act,Donna Gardner,Sci-Fi,199
15,Protect else,Frank Jacobs,Romance,495
16,Industry discuss likely executive,John Brown,Mystery,332
17,Performance sound home,Jillian Williams,Non-fiction,175
18,Himself budget pressure against,Courtney Browning,Biography,364
19,Type sport financial thought left,Jacob Rodgers,Romance,383
20,Born assume third,Brian Wolf,Non-fiction,305
21,Letter election rest,Kyle Cowan,Mystery,322
22,Raise dream suggest street,Melody Richardson,Fiction,483
23,Wonder level fire face third,Cynthia Boyle,Children,151
24,News church base,Lauren Cole,Romance,438
25,Decade move it,Craig Romero,History,466
26,The could position,Gina Kelley,Fiction,243
27,Discover available,Kyle Davis,Children,472
28,American protect significant quite one,Patrick Thomas,Sci-Fi,168
29,Her lot,Kevin Baker,Horror,198
30,Right think go throw,Ronald Woodard,Fantasy,495
31,Weight training entire,Robert Rangel,History,124
32,Trouble through,Stacy Hoffman,Sci-Fi,478
33,Wife by site follow lot,Scott Stephens,Mystery,152
34,Least shake check end,Alexandra Myers,Sci-Fi,250
35,Song send use,Stephen Nguyen,Horror,243
36,Budget class policy method,Philip Williams,Mystery,156
37,Sign create he,Daniel Romero,History,138
38,Participant know,Andrew Evans,Horror,208
39,Career economic forward clear example,Amy Ponce,Non-fiction,280
40,Room itself most,Justin Parker,Fantasy,141
41,Might dream never news fight,Kelly Davis,History,285
42,Stuff American happen try short,Julie Neal,Non-fiction,497
43,Risk clearly factor,Phillip Garza,Children,322
44,Safe should senior,David Frye,History,221
45,Citizen system,Arthur Stafford,Children,232
46,Might price when culture,Vanessa Olson,Mystery,262
47,War film return whose action,Kevin Proctor,Non-fiction,314
48,Right trade most attack,Laura Watson,Fantasy,320
49,Order during whether,Angelica Douglas,Horror,334
50,Similar bring front,Tamara Yang,Biography,430
51,Reality support break,Natalie Hood,Sci-Fi,245
52,Occur agree minute,Justin Doyle,Fiction,338
53,Begin including manage,Jose Baker,Fantasy,175
54,Produce game dinner enter,Gregory Peterson,Non-fiction,108
55,Coach ahead whether probably,Alexandra Johnson,Biography,173
56,If test instead for,Donna Peterson,Fantasy,352
57,Whatever support,Alyssa Robertson,Non-fiction,329
58,Be word couple then wait,Jeff Carpenter,Romance,106
59,Actually air rule,Benjamin Perez,Romance,273
60,Box determine arrive,Angela Garrison,Children,240
61,Get among will,Diana Palmer,Fantasy,267
62,Huge mission west data,Tracy Herrera,Romance,269
63,Economic young way,Fernando Garcia,Non-fiction,492
64,Professional low knowledge final his,Krystal Brown,Children,382
65,Blood outside able pattern,Amanda Ward,Non-fiction,221
66,Maintain author,Ashley Pruitt,Children,293
67,Per reason assume development,Debra Costa,Fantasy,104
68,Matter least star author,Austin Ibarra,Biography,128
69,Piece like energy although,Peter May,Horror,264
70,Walk upon foreign half church,Danny Holmes,History,438
71,Then soldier,Jade Smith,Biography,235
72,Than education stock Congress,Robert Walker,Mystery,464
73,Area strong memory like maintain,Dawn Dillon,Non-fiction,420
74,Necessary bank foot,Thomas Long,Mystery,441
75,Know open option,Jack Simon,Biography,244
76,Understand these skin election,Eugene Beck,Children,426
77,Nearly last role evening ability,Jacqueline Arnold,History,316
78,Off son might,William Price,History,400
79,Plant one beyond,Olivia Rodriguez,Fiction,231
80,Not generation represent short boy,Stephanie George,History,391
81,Spend often rise source,Amanda Williams,Horror,169
82,Serious coach certain,Kendra Johnson,History,351
83,Guess central line law move,Danielle Rice,Biography,374
84,Then concern step population page,Kenneth Rangel,Fiction,463
85,Never treat the tax it,Jacob Clark,Biography,281
86,Opportunity look whether room test,Gerald Henry,Biography,266
87,Eye government word us,Haley Acosta,Sci-Fi,190
88,Reveal whole charge same,John Green,Fiction,301
89,Under name discuss various voice,Jay Buck,Biography,445
90,Analysis whose financial upon,Nathan Bradley,Sci-Fi,118
91,No example community check,Anthony Carter,Sci-Fi,138
92,Fish alone picture,William Flores,Fiction,225
93,Again by effort only,Misty Long,Mystery,272
94,Bank discussion,Teresa Carr,Children,240
95,Thousand goal money near individual,Cynthia Christian,Horror,341
96,Business fund author,Derek Craig,Children,319
97,High back remain realize,Angela Reynolds,History,225
98,Sound property international institution want,Chelsea Freeman,Horror,157
99,Message explain unit order,Wendy Dixon,History,247
100,Student teacher bar such,Lisa Davis,Biography,416
101,While suggest enjoy population,Olivia Higgins,Non-fiction,482
102,West official control,Joseph Mcguire,Fiction,460
103,Page culture trip,Maria Sparks,Horror,100
104,Goal free article,Heather Murray,Horror,486
105,Dark bag magazine,James Mitchell,Biography,447
106,Answer remember,Johnny Harris,Mystery,289
107,Building old may,Melissa Frederick,Sci-Fi,290
108,Offer offer would total,Cody Coleman,Biography,468
109,Response music accept once,Shannon Hill,Romance,411
110,Although executive help enough,Tony Kelly,Sci-Fi,216
111,Economy feeling myself show second,Christopher Cooper,Fiction,233
112,Public memory,Alyssa Griffith,Sci-Fi,157
113,Present their education take,Ms. Amy Hill,Mystery,143
114,After former attorney television official,Brandy Whitney,Sci-Fi,272
115,Newspaper second wall,Erica Carrillo,Fiction,259
116,That main population though,Ariana Williams,Mystery,272
117,Southern after join,Cynthia Santiago,Children,416
118,Tree move fact since,Daniel Fischer,Horror,402
119,Thousand style,Micheal Smith,Horror,248
120,Stop fly before energy,Sarah Oconnell,History,179
121,Edge anyone vote care modern,Nathaniel Savage,Children,473
122,Prevent affect between hope,Sean Baker,Children,312
123,List require hair,William Randall,Sci-Fi,302
124,Detail probably leave particular trouble,Daniel Lawrence,Horror,351
125,Federal law bit,Anthony Smith,Fiction,328
126,Take everything way,Karen Page,Fantasy,263
127,Place than bill cover follow,Stacy Rogers,Fantasy,326
128,Pm behavior,Melissa Washington,Mystery,246
129,Close pull,Natasha Meyer,Horror,119
130,Give ground,Angela Hughes,Horror,146
131,Foreign commercial with baby yeah,Jessica Dodson,Fantasy,332
132,Bank man guy class,Darrell Brown,Horror,404
133,Goal good benefit opportunity,Barry Gardner,Sci-Fi,113
134,Cultural third fear seek,Dwayne Flores,Romance,242
135,Network capital baby member,Leslie Greene,Non-fiction,100
136,Hear speak,Kristin Mitchell,Children,472
137,Poor material gun,Linda Martin,History,153
138,Republican bar bring,Jason Johnson,Mystery,473
139,Deep painting prove,Mary Hall,Romance,358
140,Attention true he risk,Andrea Bryant,Fantasy,243
141,Change blood sing direction,Sarah Kirby,Children,111
142,Wind break suffer room animal,Christopher Berry,Horror,429
143,Son series hospital customer,Jennifer Esparza,History,323
144,Rather film center adult worker,Jeffery Murray,Horror,371
145,Free against side,Christy Miller,Fiction,457
146,Good keep,Leslie Allen,Fiction,255
147,Wear economic growth individual,Vernon Harris,History,472
148,Nothing red themselves,Brandon Dalton,History,107
149,Save whatever,James Figueroa,Fantasy,221
150,Less process TV,James Williams,History,447
151,Face guess,Kimberly Castillo,Sci-Fi,263
152,Lay wait health,Melissa Valdez,Horror,189
153,Upon brother single sport,Stephanie Tanner,Romance,235
154,Serve skill,Devin Miller,Biography,285
155,No available onto system,Melissa Fox,History,415
156,Enjoy capital difference city then,Nicole Sims,Mystery,277
157,Bar create,James Boyd,Fiction,127
158,Black step body,Stephen Young,Sci-Fi,319
159,Central manage individual,Juan Galloway,Children,456
160,Actually indeed,Mr. Rodney Matthews,Biography,140
161,Allow generation summer,Alyssa Walsh,Romance,327
162,Whether there best,Christopher Hensley,Biography,291
163,Media every sea mean,Scott Taylor,History,244
164,Her put method pretty,Dawn Edwards,Fantasy,300
165,Still talk manager,Todd James,Fiction,311
166,Always cup,Mrs. Lori Coleman,Fiction,319
167,Total around different,Lisa Ramirez,Children,339
168,Likely onto suggest,Kylie Johnson,Fantasy,496
169,Leg enter year effort,Brittany Price,Horror,145
170,Coach professor building class business,Gregory Brown,Non-fiction,134
171,Student positive carry statement,Thomas Hardin,Sci-Fi,352
172,Vote room,Meghan Hicks,Fiction,489
173,Car radio,Ashley Coleman,Mystery,181
174,Three like,Shirley Harper,Fiction,470
175,Still country,Ernest Patterson,Biography,355
176,Organization newspaper fish little budget,Jennifer Price,Fiction,296
177,Quite low media tonight air,Amber Chavez,Fiction,402
178,Show top month more,Randy Woods,Non-fiction,109
179,Push both catch agree even,Yvonne Davis,Non-fiction,411
180,Prove sure sound attack number,Troy Combs,Romance,385
181,Well pretty less those,James Green,Horror,341
182,Yard matter during,Catherine Smith,Mystery,350
183,Garden model west,Scott Robinson,Fiction,464
184,Artist six reflect moment,Julie Burns,Fiction,104
185,Feeling middle side,Melinda Wade,Sci-Fi,218
186,Road travel as,Eric Mccall,Non-fiction,388
187,Doctor whatever,Gregory Burke,Mystery,473
188,Become teacher pressure sport,Michael Strong,Children,164
189,Page performance term,Anthony Bennett,Romance,245
190,Letter have west serious soldier,Randy Stewart,Horror,323
191,Instead future truth room contain,Angie Frye,Fantasy,338
192,Force degree,Logan Martin,Horror,276
193,Speak once,Bryan Humphrey,Biography,366
194,Surface attack street,Eduardo Gallegos Jr.,Fiction,440
195,Message front its himself,Morgan Pittman,Romance,381
196,Coach owner,Mrs. Melissa Edwards,Biography,162
197,Seat speech,Stephanie West,Mystery,316
198,Impact tough own deal,Gina Moore,Fantasy,441
199,Executive rock,William Fowler,Non-fiction,414
200,Well child,Christopher Vargas,Romance,382
201,Certain position term middle would,Mr. Jeremy Monroe,Romance,276
202,Explain address never,Lisa Poole,Fiction,197
203,Their eye talk it,Amber Caldwell,History,204
204,Natural media among night better,Anthony Hayes,Romance,198
205,Success though friend,Joseph Charles,Sci-Fi,484
206,Social risk important either be,Alicia Mcintyre,Fantasy,410
207,Attack pull seek pattern effort,Michael Potter,Fantasy,105
208,Send again kind example,Caleb Griffin,Sci-Fi,296
209,Center likely much now,Johnathan Estrada,Children,450
210,Everybody white mind,Jessica Barber,Sci-Fi,232
211,East majority letter,Brandon Moore,Sci-Fi,457
212,Until vote,Sarah Tran,Fantasy,358
213,Something feel Republican end,Kimberly Oconnor DVM,Horror,122
214,Expert key sure time heavy,Andrea Giles,Fantasy,152
215,Radio whom attention,Mary Lewis,History,264
216,Wall subject language,Robert Summers,Fiction,301
217,Activity last threat,Amy Larson,Biography,182
218,Culture officer own daughter,Angela Ellis,Horror,244
219,Stock democratic through near,Natasha Burns,Non-fiction,184
220,Those culture air point pull,Cassandra Reid,Biography,177
221,Kitchen box both,Lauren Cross,Fiction,465
222,Seek amount glass,Jeff Jones,History,100
223,Artist way age,William Wilson,History,150
224,Up any free toward,James Robles,Non-fiction,272
225,Money might and,Carrie Johnston,Horror,304
226,News unit somebody call baby,Lance Parker,Children,359
227,Trial measure owner,Kelsey Hamilton,Sci-Fi,468
228,Build western maybe according,Ashley Fields,Horror,387
229,Develop smile fly grow subject,Louis Smith,Children,133
230,See movement series social,Kristen Walter,History,447
231,Debate sometimes avoid high enjoy,Gina Ferguson,Fantasy,194
232,Owner source summer,Deborah Vargas,Fiction,171
233,Never education kid manager,Nathaniel Smith,Non-fiction,138
234,Up off knowledge international traditional,Catherine Carter,Fiction,253
235,Guess area best difference,Kayla Mcdaniel,Mystery,349
236,Only together decade,Kerri Evans,Mystery,261
237,Unit foreign parent,Thomas Ruiz,Horror,217
238,Culture wait section like blood,Thomas Lopez,History,358
239,Baby hit,Amanda May,History,478
240,Huge before professor,Daniel Farmer,Sci-Fi,405
241,Toward budget street hear yeah,Brent Martinez,Sci-Fi,367
242,Maintain hair explain hospital,Eric Garrett,Sci-Fi,153
243,Citizen identify while watch,Brian Morales,Fantasy,335
244,Sister none player,Beth Stone,Biography,488
245,Appear police sense eye knowledge,William Arnold,Romance,321
246,Must no paper current next,Katherine Scott,Biography,350
247,Leave beat economy,Terry Underwood,Fiction,412
248,Share city eat,Katrina Jones,Biography,211
249,Lawyer agree prevent range,Taylor Allen,Fantasy,354
250,Without seek,Tara Collins,Fiction,402
251,Technology box step,Denise Walker,Biography,306
252,At follow find,Madison Ewing,Fantasy,328
253,Read national sea,Amanda Johnson,Romance,440
254,Himself maybe mission,Julia Miller,Biography,497
255,Sign piece reach,Jason Arias,Fantasy,165
256,Light care however fire key,Robert Franco,Sci-Fi,174
257,Hope many,Nicholas Watkins,History,202
258,Arrive past professional,James Ashley,Sci-Fi,291
259,Word institution civil away,Christine Townsend,History,351
260,College remain cut size one,Stephanie Morales,Non-fiction,325
261,Card since,Laurie Harrison,Non-fiction,393
262,Onto least,Austin Wood,Non-fiction,405
263,Air all fight,Eric Park,Romance,197
264,Career sell send though,Michelle Richmond,Sci-Fi,437
265,Writer position,Summer Livingston,History,385
266,Campaign school act price meet,Julie Graham,Fantasy,434
267,Sport hair nearly drop,Diane Griffith,Fiction,446
268,Ahead final five choice,Ryan Frey,Fantasy,407
269,Day season,Michelle Rogers,Fiction,348
270,Throughout likely everything music speak,James Hahn,Mystery,265
271,Course policy soon,John Sanchez,Fantasy,434
272,Important suddenly,John Powers,Biography,129
273,Second tax might couple,Kimberly Weber,Biography,346
274,Challenge once art,Rebecca Thomas,Horror,205
275,Service and able care,Mrs. Kelli Kelly,Sci-Fi,150
276,Technology wear,Wayne Hunter,Fiction,180
277,Cause cold know,Jay Zimmerman,Fiction,232
278,Music drive,Anna Diaz,Sci-Fi,384
279,Manage put develop,Heather Long,Romance,487
280,Increase thank possible,Beth Nelson,Horror,237
281,Charge commercial writer speak,Monique Oliver,Romance,283
282,Certain election computer not east,Robin Holland,Romance,429
283,Better most official,Michael Mccoy,Romance,372
284,Keep the during near,Lisa Johnson,Sci-Fi,439
285,Lawyer seem old,Marie Salazar,Romance,168
286,Gas increase mention,Crystal Hudson,Biography,133
287,Factor I region sound,Matthew Craig,Non-fiction,361
288,Go walk,Lance Rodgers,Mystery,152
289,Program fly note foreign,Michele Davidson,Fiction,304
290,Establish section pressure,Kim Moore,Fiction,225
291,Science maybe degree nearly,Denise Durham,Mystery,334
292,Baby likely mean nothing,Alexander Mills,Sci-Fi,142
293,Nice much if floor,Tracy Sims,Fantasy,339
294,Everything current form,Erin Taylor,Sci-Fi,470
295,Concern stuff chance great,Lacey Hughes,Fiction,210
296,Hit yourself,Veronica Williams,Fiction,348
297,He process feel,Sally Ochoa DVM,Mystery,250
298,Situation sit song during,Adam Ramirez,Romance,282
299,Outside character,Brian Nelson,Sci-Fi,435
300,Fine market actually interview,Rebecca Brown,History,194
301,Ready above down blue,Monica Ballard,Mystery,473
302,Pull song strong interest,Nicholas Lee,Biography,499
303,Soon value small mission,Michael Johns,Fiction,107
304,Air rest very,Oscar Smith,Mystery,487
305,Decision for,Nicholas Watson,Sci-Fi,459
306,Community long why,Ann West,Fiction,487
307,Just thing office population,Charles Reed,Fantasy,283
308,Store hot,Alexandria Dougherty,Mystery,380
309,Whole end could,Marcus Tyler,Horror,294
310,Describe watch way,Melissa Buckley,Fiction,451
311,Ok just memory,Amanda Hill,Sci-Fi,294
312,Interesting place court require,Nicole Orozco,Non-fiction,254
313,Top serve wide parent,Ann Williams,History,192
314,Head act say,Craig Hines,Children,259
315,Occur somebody foot old talk,Daniel Webb,Romance,160
316,Contain hair,Audrey Olsen,Children,221
317,Have single simply clear,Erin Lawrence MD,Sci-Fi,150
318,High education,Mark Velasquez,Biography,376
319,Blue own year,Daniel Smith,Biography,104
320,Those see ok,Amy Ross,Non-fiction,191
321,Individual player,Brittany Ortiz,Romance,269
322,Body true wait,Michael Medina,Horror,416
323,Democrat person rest,Jason Day,Non-fiction,121
324,Than whatever,Preston Wise,Children,425
325,Them sure price,Jennifer Sandoval,Non-fiction,100
326,Environmental language school our,Nicole Cole,Children,232
327,Surface suggest space,Deborah Brewer,Fiction,332
328,Father could right attention kitchen,Joshua Robertson MD,Biography,111
329,Only over measure,Anthony Callahan,Fiction,445
330,Left mother sort up,Michael Bennett,History,145
331,Age assume gas thing,Jeremy Reed,Romance,133
332,Book trial old,Anthony Atkins,Horror,177
333,Six finally seven,Mary Fuller,Children,317
334,Story describe,Cody Livingston,Horror,400
335,Finish majority,Jodi Stewart,Children,172
336,Purpose sister Congress,Andrea Cain,Sci-Fi,381
337,Bar argue religious science,Karen Martinez,Non-fiction,348
338,Think others choice,Angelica Daniels,History,146
339,Often small attention sense involve,James Miller,Biography,220
340,Mouth budget life,Randy Torres,Children,313
341,Front ready against,Thomas Hall Jr.,Horror,338
342,Doctor opportunity know health,Deanna Nguyen,History,155
343,Middle clearly bed body,Dustin Evans,Fantasy,449
344,Ability dark six,Sabrina Anderson,Fantasy,206
345,Stuff fact person make piece,Becky Taylor,Fiction,418
346,Up cause suffer,Thomas Higgins,Biography,147
347,Perform your east,Corey Rivera,Sci-Fi,160
348,Best south staff me walk,Briana Hines,Horror,436
349,Record good stop,Kathleen Glass,Non-fiction,125
350,Sound late child,James Reed,Non-fiction,391
351,Point learn name,Stanley Taylor,Horror,356
352,Behind assume,Tracy Taylor,Romance,107
353,Research suggest thank talk,Erika Mendoza,Sci-Fi,212
354,View herself from most,Caroline Walker,History,454
355,Sell might,Megan Lee,Children,352
356,Fine thank,Andrew Dickerson,Romance,279
357,Beat personal present similar,Michael Kim,Children,306
358,Past represent yeah,Kathleen Burgess,Children,402
359,Join just cover,Jon Jones,Romance,226
360,Stop color,Gregory Andersen,Fiction,155
361,Theory turn vote,Lisa Edwards,Fantasy,313
362,Fear statement fish,Jennifer Vega,Children,113
363,Senior subject call sea,Mrs. Susan Hooper,Romance,127
364,Individual region next true partner,Catherine Smith,Romance,177
365,Difference walk reveal certainly,Nancy Harris,Mystery,315
366,Amount point,Melvin Gomez,Fiction,485
367,Pass everything in point,Anthony Sampson,Biography,464
368,Here year hit prove,Lisa Hickman,Mystery,253
369,Environmental cost change,Kayla Davis,Mystery,113
370,Firm scene affect agency bring,Philip Escobar,Horror,286
371,Several could kitchen attention stage,Michaela Alexander,Fantasy,411
372,City buy lawyer quite Mrs,Kevin Bell,Romance,470
373,Speak expect,Benjamin Brown,Fantasy,106
374,Who around heavy style,Ms. Kristi Smith,Sci-Fi,102
375,No order,Anthony Mcclain,Horror,210
376,Low name thus tend central,Cheryl Mills,Biography,337
377,Billion scene reveal,Nancy Jackson,Fantasy,462
378,It north evidence,James Campbell,Non-fiction,338
379,Eat whom six if,Scott Ross,Children,373
380,Mention which though color bar,Gary Montgomery,Sci-Fi,393
381,Cup price bit feel partner,Jeffrey Sims,Fiction,326
382,Provide husband matter analysis foreign,Robert Oconnell,Biography,470
383,Once shake,Matthew Vincent,Sci-Fi,114
384,Claim later rest,Lawrence Robinson,Children,291
385,Standard front probably,Allison Holt,Horror,218
386,Attorney really per line,Margaret Smith,Children,127
387,Per her,Brett Harmon,Mystery,301
388,Number attorney dream thought mouth,Steven Wood,Children,138
389,Attack hope property,Frederick Rodriguez,Mystery,372
390,Let throughout star candidate up,Joann Cook,Horror,330
391,Employee ok make,Daniel Mckay,History,185
392,Theory country assume computer west,Joseph Little,Mystery,225
393,Others middle news,Anna Norris,Fiction,399
394,Poor generation short measure news,Kelly White,Children,124
395,Assume increase share receive product,Christina Fox,Children,244
396,Be painting,Catherine Hernandez,Fiction,112
397,Age herself herself,Michael Fuller,Non-fiction,311
398,Provide level professional military,Ricky Hickman,Romance,124
399,Executive better set answer goal,Paul Gibson,History,167
400,Different threat,Darryl Contreras,Biography,493
401,Fund until or,Dale Ford,Mystery,166
402,List defense their third have,Tonya Howe,Fiction,332
403,Serious officer adult six,Michael Conner,Horror,208
404,Century treatment begin a,Matthew Moreno,Mystery,245
405,Military according whatever most,Sherry Patel,Romance,210
406,Listen though indeed,Barbara Rogers,Horror,327
407,Impact budget,Tina Hernandez,Sci-Fi,210
408,Simple another to magazine,Tyler Frazier,Children,133
409,Tree left economy prove avoid,Brandon Barron,Sci-Fi,210
410,Many point east paper,Jennifer Ryan,Mystery,363
411,Fire so point,Glen Martin,Romance,468
412,Old still news school,Kimberly Myers,History,335
413,Know party,Justin Harrison,Mystery,182
414,Place identify blood,Robert Brooks,Fiction,141
415,Avoid Mr decade,Miss Teresa Chavez DDS,Fantasy,200
416,Buy great second,Richard Hunter,Mystery,105
417,Remain sometimes nearly,Victor Herrera,Children,279
418,Size reduce order,Rachel Brown,Children,381
419,Discover toward win force,Jeff Singh,Mystery,419
420,Pressure hospital above,Melissa Lawrence,Horror,325
421,Worry effect official,Cody Adams,Fantasy,414
422,Worker appear your draw government,Anthony Kelley,Fiction,464
423,South eight without happen,Timothy Gallagher,Mystery,328
424,Way evidence,Steve Cooke,Horror,476
425,Defense work after show,Samantha Townsend,Children,388
426,Stop two since,Robert Meyer,Children,249
427,Ready two open growth,Kristin Johnson,Romance,376
428,Prepare position after,Amber Rodriguez DVM,Mystery,297
429,Station must economy,Bruce Kemp,Fantasy,169
430,Cell buy born understand,Leah Peterson,Non-fiction,211
431,Several whose cover cell data,Karen Drake,Fantasy,103
432,Perhaps election heavy,Dean Edwards,Children,449
433,Crime according,Karen Williams,Children,430
434,Success ever visit,Craig Allen,Sci-Fi,417
435,Edge something mouth,Zachary Walters,Children,449
436,Tv against month system,Patricia Miles,Fiction,194
437,Two school interesting,Frank Davenport,Biography,251
438,Myself wish site ago perform,Steven Thomas,Mystery,410
439,Evidence light,Warren Strickland,Fantasy,236
440,Sign two certain,Amanda Morales,Biography,346
441,Black else meeting until,Angela Sims,Horror,486
442,Draw or,Robert Hoffman,Non-fiction,342
443,Design card,Susan Mclean,Fiction,130
444,Relationship central,Samuel Hill,Fantasy,139
445,Open lot so travel,Sarah Mitchell,Biography,328
446,Already listen strategy rest,Jacqueline Park,Non-fiction,135
447,Ahead somebody quality respond,Aaron Bowman,Sci-Fi,322
448,Explain radio there contain,Shirley Salinas,Fiction,105
449,Throw scientist must agent,Raymond Cannon,Fiction,421
450,Able serious whole politics,Tamara Oneal,Sci-Fi,319
451,Live trip cut,Charles Horton,Mystery,174
452,Build difficult bag,Jessica White,Sci-Fi,103
453,Family who realize magazine enter,Nicholas Todd,Fiction,434
454,Produce certain popular series nearly,Debra Carlson,Fiction,233
455,Though control help each woman,Natasha Jackson,Biography,217
456,Human safe party explain,Samantha Bowman,Children,468
457,Democratic for others,Lindsey Tapia,Non-fiction,193
458,Whether to suffer,Sandra Ward,Sci-Fi,161
459,Lot simple which myself popular,Luis Reyes,Non-fiction,293
460,Room nor tend,Nancy Stone,Sci-Fi,434
461,Artist state call high answer,Maurice Kim,Horror,302
462,Leader federal most,Samuel Garcia,Fiction,491
463,Soldier value stand,Tracey Turner,Children,125
464,Population how himself difficult,Richard Jackson,Biography,272
465,Rather year ten only change,George Wilson,Children,399
466,Short fill paper,Linda Werner,Children,232
467,Issue rich,Dustin Perez,Children,425
468,Yeah recent bar expect race,Stephanie Harris,Non-fiction,217
469,Far dinner issue matter traditional,Danielle Garrett,Sci-Fi,423
470,Common bank red enter,Andrew Stanley,History,374
471,Well western,Jacob Sullivan,Horror,311
472,Character if,Anthony Gonzalez,Fantasy,324
473,Garden language it move,Brianna Evans,Children,119
474,Pressure away,Phillip Davis,Mystery,212
475,Wide total hard,Tyler Russell,Non-fiction,239
476,In little song find,Kenneth Soto,Biography,146
477,Need choose national,Tina Reed,Fantasy,100
478,Hear ready blood factor others,Stacy Garza,History,189
479,General mind,Amber Gonzalez,Mystery,241
480,Can especially through think,Brian Stewart,History,419
481,Near seat address dinner fast,Jacob Kelly,Fantasy,137
482,Explain apply,Amanda Brooks,Children,392
483,Indicate pretty,Kathy Lyons,Mystery,481
484,Audience another three,Sarah Watts,History,238
485,Table again fact,Richard Moore,Biography,455
486,They low,Mary Powell,Sci-Fi,432
487,Buy rock,Tammy Baldwin,Fiction,358
488,We staff prevent tree,Loretta Adams,Sci-Fi,260
489,Nation investment fill month break,Jimmy Pierce,Fantasy,489
490,Party debate,Andrea Liu,Non-fiction,277
491,Per age,Alexandra Fowler,Fiction,109
492,Keep them general,Amanda Bush,Horror,360
493,Understand shake goal,Dustin Bennett,Biography,237
494,Site raise foreign glass side,John Carter,Horror,271
495,Significant couple probably,Crystal Reed,Mystery,485
496,Necessary place,Anna Hamilton,Fiction,112
497,Whatever upon each item,Brandon Marks,Horror,267
498,Modern general,Kendra Robertson,Horror,229
499,Face particular yeah own possible,David Wallace,History,183
500,Later this stage market,Christie Miller,Sci-Fi,420
